{
  "model": "gpt-5-mini",
  "metrics": {
    "accuracy": 0.35386221294363257,
    "correct": 339,
    "total": 958,
    "per_class": {
      "safe": {
        "precision": 0.9743589743589743,
        "recall": 0.1792452830188679,
        "f1": 0.30278884462151395,
        "support": 424,
        "tp": 76,
        "fp": 2,
        "fn": 348
      },
      "suspicious": {
        "precision": 0.14494875549048317,
        "recall": 0.8319327731092437,
        "f1": 0.2468827930174564,
        "support": 119,
        "tp": 99,
        "fp": 584,
        "fn": 20
      },
      "dangerous": {
        "precision": 0.8324873096446701,
        "recall": 0.39518072289156625,
        "f1": 0.5359477124183006,
        "support": 415,
        "tp": 164,
        "fp": 33,
        "fn": 251
      }
    },
    "macro_f1": 0.361873116685757,
    "weighted_f1": 0.3968474145534384
  },
  "confusion_matrix": {
    "safe": {
      "suspicious": 333,
      "safe": 76,
      "dangerous": 15
    },
    "suspicious": {
      "suspicious": 99,
      "dangerous": 18,
      "safe": 2
    },
    "dangerous": {
      "suspicious": 251,
      "dangerous": 164
    }
  },
  "format_ok_count": 958,
  "format_ok_rate": 1.0,
  "parse_error_count": 0,
  "n_samples": 958,
  "total_seconds": 14449.5012216568,
  "throughput_samples_per_sec": 0.06629986636245666
}