{
  "model": "gpt-5.4:stable",
  "metrics": {
    "accuracy": 0.6471816283924844,
    "correct": 620,
    "total": 958,
    "per_class": {
      "safe": {
        "precision": 0.9528985507246377,
        "recall": 0.6202830188679245,
        "f1": 0.7514285714285714,
        "support": 424,
        "tp": 263,
        "fp": 13,
        "fn": 161
      },
      "suspicious": {
        "precision": 0.22727272727272727,
        "recall": 0.6302521008403361,
        "f1": 0.3340757238307349,
        "support": 119,
        "tp": 75,
        "fp": 255,
        "fn": 44
      },
      "dangerous": {
        "precision": 0.8650306748466258,
        "recall": 0.6795180722891566,
        "f1": 0.7611336032388664,
        "support": 415,
        "tp": 282,
        "fp": 44,
        "fn": 133
      }
    },
    "macro_f1": 0.6155459661660575,
    "weighted_f1": 0.7037903661437384
  },
  "confusion_matrix": {
    "safe": {
      "safe": 263,
      "suspicious": 133,
      "dangerous": 18,
      "PARSE_ERROR": 10
    },
    "suspicious": {
      "suspicious": 75,
      "dangerous": 26,
      "safe": 11,
      "PARSE_ERROR": 7
    },
    "dangerous": {
      "dangerous": 282,
      "suspicious": 122,
      "safe": 2,
      "PARSE_ERROR": 9
    }
  },
  "format_ok_count": 932,
  "format_ok_rate": 0.9728601252609603,
  "parse_error_count": 26,
  "n_samples": 958,
  "total_seconds": 9308.880621910095,
  "throughput_samples_per_sec": 0.10291248098564909
}