{
  "model": "glm-5",
  "metrics": {
    "accuracy": 0.8071278825995807,
    "correct": 385,
    "total": 477,
    "per_class": {
      "safe": {
        "precision": 0.8138528138528138,
        "recall": 0.9690721649484536,
        "f1": 0.884705882352941,
        "support": 194,
        "tp": 188,
        "fp": 43,
        "fn": 6
      },
      "suspicious": {
        "precision": 0.3125,
        "recall": 0.2542372881355932,
        "f1": 0.2803738317757009,
        "support": 59,
        "tp": 15,
        "fp": 33,
        "fn": 44
      },
      "dangerous": {
        "precision": 0.9238578680203046,
        "recall": 0.8125,
        "f1": 0.8646080760095013,
        "support": 224,
        "tp": 182,
        "fp": 15,
        "fn": 42
      }
    },
    "macro_f1": 0.6765625967127145,
    "weighted_f1": 0.8005182521538055
  },
  "confusion_matrix": {
    "safe": {
      "safe": 188,
      "suspicious": 3,
      "dangerous": 3
    },
    "suspicious": {
      "safe": 32,
      "suspicious": 15,
      "dangerous": 12
    },
    "dangerous": {
      "dangerous": 182,
      "safe": 11,
      "suspicious": 30,
      "ERROR": 1
    }
  },
  "format_ok_count": 476,
  "format_ok_rate": 0.9979035639412998,
  "parse_error_count": 0,
  "n_samples": 477,
  "total_seconds": 22621.59784603119,
  "throughput_samples_per_sec": 0.021086043667056284
}