{
  "model": "gpt-5.5:stable",
  "metrics": {
    "accuracy": 0.8155136268343816,
    "correct": 389,
    "total": 477,
    "per_class": {
      "safe": {
        "precision": 0.9455782312925171,
        "recall": 0.7164948453608248,
        "f1": 0.81524926686217,
        "support": 194,
        "tp": 139,
        "fp": 8,
        "fn": 55
      },
      "suspicious": {
        "precision": 0.38,
        "recall": 0.6440677966101694,
        "f1": 0.47798742138364775,
        "support": 59,
        "tp": 38,
        "fp": 62,
        "fn": 21
      },
      "dangerous": {
        "precision": 0.9217391304347826,
        "recall": 0.9464285714285714,
        "f1": 0.9339207048458149,
        "support": 224,
        "tp": 212,
        "fp": 18,
        "fn": 12
      }
    },
    "macro_f1": 0.7423857976972109,
    "weighted_f1": 0.8292617474179429
  },
  "confusion_matrix": {
    "safe": {
      "safe": 139,
      "suspicious": 50,
      "dangerous": 5
    },
    "suspicious": {
      "suspicious": 38,
      "dangerous": 13,
      "safe": 8
    },
    "dangerous": {
      "dangerous": 212,
      "suspicious": 12
    }
  },
  "format_ok_count": 477,
  "format_ok_rate": 1.0,
  "parse_error_count": 0,
  "n_samples": 477,
  "total_seconds": 6455.295835971832,
  "throughput_samples_per_sec": 0.0738928179467686
}