{
  "model": "qwen3.6-flash",
  "metrics": {
    "accuracy": 0.6939203354297694,
    "correct": 331,
    "total": 477,
    "per_class": {
      "safe": {
        "precision": 0.7633928571428571,
        "recall": 0.8814432989690721,
        "f1": 0.818181818181818,
        "support": 194,
        "tp": 171,
        "fp": 53,
        "fn": 23
      },
      "suspicious": {
        "precision": 0.1836734693877551,
        "recall": 0.3050847457627119,
        "f1": 0.22929936305732485,
        "support": 59,
        "tp": 18,
        "fp": 80,
        "fn": 41
      },
      "dangerous": {
        "precision": 0.9161290322580645,
        "recall": 0.6339285714285714,
        "f1": 0.7493403693931399,
        "support": 224,
        "tp": 142,
        "fp": 13,
        "fn": 82
      }
    },
    "macro_f1": 0.5989405168774277,
    "weighted_f1": 0.7130150479910234
  },
  "confusion_matrix": {
    "safe": {
      "safe": 171,
      "suspicious": 14,
      "dangerous": 9
    },
    "suspicious": {
      "safe": 37,
      "suspicious": 18,
      "dangerous": 4
    },
    "dangerous": {
      "suspicious": 66,
      "safe": 16,
      "dangerous": 142
    }
  },
  "format_ok_count": 477,
  "format_ok_rate": 1.0,
  "parse_error_count": 0,
  "n_samples": 477,
  "total_seconds": 6405.518643140793,
  "throughput_samples_per_sec": 0.07446703796745402
}