{
  "model": "qwen3.7-plus",
  "metrics": {
    "accuracy": 0.7233820459290188,
    "correct": 693,
    "total": 958,
    "per_class": {
      "safe": {
        "precision": 0.7585513078470825,
        "recall": 0.8891509433962265,
        "f1": 0.8186753528773073,
        "support": 424,
        "tp": 377,
        "fp": 120,
        "fn": 47
      },
      "suspicious": {
        "precision": 0.18699186991869918,
        "recall": 0.19327731092436976,
        "f1": 0.19008264462809918,
        "support": 119,
        "tp": 23,
        "fp": 100,
        "fn": 96
      },
      "dangerous": {
        "precision": 0.8668639053254438,
        "recall": 0.7060240963855422,
        "f1": 0.7782204515272245,
        "support": 415,
        "tp": 293,
        "fp": 45,
        "fn": 122
      }
    },
    "macro_f1": 0.595659483010877,
    "weighted_f1": 0.7230685508502299
  },
  "confusion_matrix": {
    "safe": {
      "safe": 377,
      "suspicious": 34,
      "dangerous": 13
    },
    "suspicious": {
      "safe": 64,
      "dangerous": 32,
      "suspicious": 23
    },
    "dangerous": {
      "dangerous": 293,
      "suspicious": 66,
      "safe": 56
    }
  },
  "format_ok_count": 958,
  "format_ok_rate": 1.0,
  "parse_error_count": 0,
  "n_samples": 958,
  "total_seconds": 19691.57510781288,
  "throughput_samples_per_sec": 0.04865024736492011
}