{
  "model": "claude-opus-4-7:stable",
  "metrics": {
    "accuracy": 0.4612159329140461,
    "correct": 220,
    "total": 477,
    "per_class": {
      "safe": {
        "precision": 0.4910394265232975,
        "recall": 0.7061855670103093,
        "f1": 0.5792811839323467,
        "support": 194,
        "tp": 137,
        "fp": 142,
        "fn": 57
      },
      "suspicious": {
        "precision": 0.20909090909090908,
        "recall": 0.3898305084745763,
        "f1": 0.27218934911242604,
        "support": 59,
        "tp": 23,
        "fp": 87,
        "fn": 36
      },
      "dangerous": {
        "precision": 0.6818181818181818,
        "recall": 0.26785714285714285,
        "f1": 0.3846153846153846,
        "support": 224,
        "tp": 60,
        "fp": 28,
        "fn": 164
      }
    },
    "macro_f1": 0.41202863922005245,
    "weighted_f1": 0.4498816927344959
  },
  "confusion_matrix": {
    "safe": {
      "safe": 137,
      "dangerous": 20,
      "suspicious": 37
    },
    "suspicious": {
      "safe": 28,
      "suspicious": 23,
      "dangerous": 8
    },
    "dangerous": {
      "safe": 114,
      "suspicious": 50,
      "dangerous": 60
    }
  },
  "format_ok_count": 472,
  "format_ok_rate": 0.989517819706499,
  "parse_error_count": 0,
  "n_samples": 477,
  "total_seconds": 3584.669767141342,
  "throughput_samples_per_sec": 0.13306665076163823
}